Workbook

Sheet 卡峰配置
A1: M/Z | B1: Formula | C1: Peak | D1: Start | E1: End
A2: =转换公式!$B$1+转换公式!$B$2*C2+C2*C2*转换公式!$B$3 -> 15.011279 | B2: CH3* | C2: 5532 | D2: 5512 | E2: 5552
A3: =转换公式!$B$1+转换公式!$B$2*C3+C3*C3*转换公式!$B$3 -> 16.017355 | B3: CH4 | C3: 5743 | D3: 5717 | E3: 5761
A4: =转换公式!$B$1+转换公式!$B$2*C4+C4*C4*转换公式!$B$3 -> 17.998729 | B4: H2O | C4: 6140 | D4: 6016 | E4: 6158
A5: =转换公式!$B$1+转换公式!$B$2*C5+C5*C5*转换公式!$B$3 -> 25.993905 | B5: C2H2 | C5: 7554 | D5: 7527 | E5: 7568
A6: =转换公式!$B$1+转换公式!$B$2*C6+C6*C6*转换公式!$B$3 -> 28.006551 | B6: C2H4 | C6: 7874 | D6: 7714 | E6: 7907
A7: =转换公式!$B$1+转换公式!$B$2*C7+C7*C7*转换公式!$B$3 -> 29.014919 | B7: C2H5 | C7: 8030 | D7: 8006 | E7: 8055
A8: =转换公式!$B$1+转换公式!$B$2*C8+C8*C8*转换公式!$B$3 -> 40.002653 | B8: C3H4 | C8: 9580 | D8: 9558 | E8: 9592
A9: =转换公式!$B$1+转换公式!$B$2*C9+C9*C9*转换公式!$B$3 -> 41.004212 | B9: C3H5 | C9: 9710 | D9: 9702 | E9: 9718
A10: =转换公式!$B$1+转换公式!$B$2*C10+C10*C10*转换公式!$B$3 -> 42.010307 | B10: C3H6 | C10: 9839 | D10: 9767 | E10: 9857
A11: =转换公式!$B$1+转换公式!$B$2*C11+C11*C11*转换公式!$B$3 -> 43.020653 | B11: C3H7 | C11: 9967 | D11: 9961 | E11: 9977
A12: =转换公式!$B$1+转换公式!$B$2*C12+C12*C12*转换公式!$B$3 -> 44.026937 | B12: C3H8 | C12: 10093 | D12: 10029 | E12: 10113
A13: =转换公式!$B$1+转换公式!$B$2*C13+C13*C13*转换公式!$B$3 -> 83.837332 | B13: Kr | C13: 14258 | D13: 14206 | E13: 14277
A14: =转换公式!$B$1+转换公式!$B$2*C14+C14*C14*转换公式!$B$3 -> 0.27248907
A15: =转换公式!$B$1+转换公式!$B$2*C15+C15*C15*转换公式!$B$3 -> 0.27248907
A16: =转换公式!$B$1+转换公式!$B$2*C16+C16*C16*转换公式!$B$3 -> 0.27248907
A17: =转换公式!$B$1+转换公式!$B$2*C17+C17*C17*转换公式!$B$3 -> 0.27248907
A18: =转换公式!$B$1+转换公式!$B$2*C18+C18*C18*转换公式!$B$3 -> 0.27248907
A19: =转换公式!$B$1+转换公式!$B$2*C19+C19*C19*转换公式!$B$3 -> 0.27248907
A20: =转换公式!$B$1+转换公式!$B$2*C20+C20*C20*转换公式!$B$3 -> 0.27248907
A21: =转换公式!$B$1+转换公式!$B$2*C21+C21*C21*转换公式!$B$3 -> 0.27248907
A22: =转换公式!$B$1+转换公式!$B$2*C22+C22*C22*转换公式!$B$3 -> 0.27248907
A23: =转换公式!$B$1+转换公式!$B$2*C23+C23*C23*转换公式!$B$3 -> 0.27248907
A24: =转换公式!$B$1+转换公式!$B$2*C24+C24*C24*转换公式!$B$3 -> 0.27248907
A25: =转换公式!$B$1+转换公式!$B$2*C25+C25*C25*转换公式!$B$3 -> 0.27248907
... A57: =转换公式!$B$1+转换公式!$B$2*C57+C57*C57*转换公式!$B$3 -> 0.27248907

Sheet 转换公式
A1: A | B1: 0.27248907
A2: B | B2: 0.000637719
A3: C | B3: 3.66334e-07
